URL,Label,Length,Domain Age,features
http://legitimate.com,0,18,5,"{'URL_length': 21, 'num_digits': 0, 'num_special_chars': 4, 'has_http': 1, 'has_https': 0, 'num_dots': 1, 'num_hyphens': 0}"
http://phishing.com,1,16,1,"{'URL_length': 19, 'num_digits': 0, 'num_special_chars': 4, 'has_http': 1, 'has_https': 0, 'num_dots': 1, 'num_hyphens': 0}"
https://anotherlegit.com,0,21,3,"{'URL_length': 24, 'num_digits': 0, 'num_special_chars': 4, 'has_http': 1, 'has_https': 1, 'num_dots': 1, 'num_hyphens': 0}"
https://fakebank.com,1,14,1,"{'URL_length': 20, 'num_digits': 0, 'num_special_chars': 4, 'has_http': 1, 'has_https': 1, 'num_dots': 1, 'num_hyphens': 0}"
http://secure-login.com-update.account.verification.com,1,49,1,"{'URL_length': 55, 'num_digits': 0, 'num_special_chars': 9, 'has_http': 1, 'has_https': 0, 'num_dots': 4, 'num_hyphens': 2}"
http://bank-verify.secure-login.com/login,1,37,1,"{'URL_length': 41, 'num_digits': 0, 'num_special_chars': 8, 'has_http': 1, 'has_https': 0, 'num_dots': 2, 'num_hyphens': 2}"
http://paypal.com.login.account-verification.com,1,37,1,"{'URL_length': 48, 'num_digits': 0, 'num_special_chars': 8, 'has_http': 1, 'has_https': 0, 'num_dots': 4, 'num_hyphens': 1}"
http://secure-facebook.com/login,1,28,1,"{'URL_length': 32, 'num_digits': 0, 'num_special_chars': 6, 'has_http': 1, 'has_https': 0, 'num_dots': 1, 'num_hyphens': 1}"
http://example-legit.com,0,21,2,"{'URL_length': 24, 'num_digits': 0, 'num_special_chars': 5, 'has_http': 1, 'has_https': 0, 'num_dots': 1, 'num_hyphens': 1}"
http://example-phish.com,1,19,1,"{'URL_length': 24, 'num_digits': 0, 'num_special_chars': 5, 'has_http': 1, 'has_https': 0, 'num_dots': 1, 'num_hyphens': 1}"
https://www.ujhyjhujhyjhyuj.ga/CC_POSTALE/f2a83/,1,18,2,"{'URL_length': 48, 'num_digits': 3, 'num_special_chars': 9, 'has_http': 0, 'has_https': 1, 'num_dots': 2, 'num_hyphens': 0}"
https://stitch-statichosting-prod.s3.amazonaws.com/5ffbf74f106b1ff88367ac90/5ffbf62cd17b985f24b01f73/indexlogo.html#businessmember@legalshield.com&#10;&#10;,1,18,2,"{'URL_length': 156, 'num_digits': 33, 'num_special_chars': 21, 'has_http': 0, 'has_https': 1, 'num_dots': 5, 'num_hyphens': 2}"
https://www.reservoirgroup.com/careers/,0,18,2,"{'URL_length': 39, 'num_digits': 0, 'num_special_chars': 7, 'has_http': 0, 'has_https': 1, 'num_dots': 2, 'num_hyphens': 0}"
https://www.camosy.com/themes/juicy/images/dooley_logo_white.svg,0,18,2,"{'URL_length': 64, 'num_digits': 0, 'num_special_chars': 12, 'has_http': 0, 'has_https': 1, 'num_dots': 3, 'num_hyphens': 0}"
https://www.liveapps.com.au/,0,18,2,"{'URL_length': 28, 'num_digits': 0, 'num_special_chars': 7, 'has_http': 0, 'has_https': 1, 'num_dots': 3, 'num_hyphens': 0}"
https://www.oec.co.jp/csr/,0,18,2,"{'URL_length': 26, 'num_digits': 0, 'num_special_chars': 8, 'has_http': 0, 'has_https': 1, 'num_dots': 3, 'num_hyphens': 0}"
https://www.stable.cz/napoveda/,0,18,2,"{'URL_length': 31, 'num_digits': 0, 'num_special_chars': 7, 'has_http': 0, 'has_https': 1, 'num_dots': 2, 'num_hyphens': 0}"
https://www.tektonic.net/privacypolicy.html,0,18,2,"{'URL_length': 43, 'num_digits': 0, 'num_special_chars': 7, 'has_http': 0, 'has_https': 1, 'num_dots': 3, 'num_hyphens': 0}"
https://www.valiaoc.com/properties/sold,0,18,2,"{'URL_length': 39, 'num_digits': 0, 'num_special_chars': 7, 'has_http': 0, 'has_https': 1, 'num_dots': 2, 'num_hyphens': 0}"
https://www.kcs.ne.jp/recruit/challenged/,0,18,2,"{'URL_length': 41, 'num_digits': 0, 'num_special_chars': 9, 'has_http': 0, 'has_https': 1, 'num_dots': 3, 'num_hyphens': 0}"
https://www.sedaliademocrat.com/stories/sigma-pi-offers-scholarships-for-incoming-missouri-st-students,0,18,2,"{'URL_length': 108, 'num_digits': 5, 'num_special_chars': 16, 'has_http': 0, 'has_https': 1, 'num_dots': 2, 'num_hyphens': 8}"
http://www.invest-in-galati.ro/en/economy,0,18,2,"{'URL_length': 41, 'num_digits': 0, 'num_special_chars': 9, 'has_http': 1, 'has_https': 0, 'num_dots': 2, 'num_hyphens': 2}"
https://www.aspyr.com/,0,18,2,"{'URL_length': 22, 'num_digits': 0, 'num_special_chars': 6, 'has_http': 0, 'has_https': 1, 'num_dots': 2, 'num_hyphens': 0}"
https://www.calisepartners.com/comments/feed/,0,18,2,"{'URL_length': 45, 'num_digits': 0, 'num_special_chars': 8, 'has_http': 0, 'has_https': 1, 'num_dots': 2, 'num_hyphens': 0}"
http://rrein.rismedia.com/items/view/31715/1067026/116969,0,18,2,"{'URL_length': 57, 'num_digits': 18, 'num_special_chars': 10, 'has_http': 1, 'has_https': 0, 'num_dots': 2, 'num_hyphens': 0}"
https://www.abcsinformatica.com.br/ajuda/citrus,0,18,2,"{'URL_length': 47, 'num_digits': 0, 'num_special_chars': 8, 'has_http': 0, 'has_https': 1, 'num_dots': 3, 'num_hyphens': 0}"
https://www.ccl.de/wp-includes/wlwmanifest.xml,0,18,2,"{'URL_length': 46, 'num_digits': 0, 'num_special_chars': 9, 'has_http': 0, 'has_https': 1, 'num_dots': 3, 'num_hyphens': 1}"
https://eroom.stylemixthemes.com/service/billing.php?SessionID-xb=NL.=.8547045._.49d98ac4bd41d5e8d02ca0e837e82b73.=.Netherlands,1,18,2,"{'URL_length': 127, 'num_digits': 26, 'num_special_chars': 20, 'has_http': 0, 'has_https': 1, 'num_dots': 9, 'num_hyphens': 1}"
https://www.minetfiber.com/article/490,0,18,2,"{'URL_length': 38, 'num_digits': 3, 'num_special_chars': 7, 'has_http': 0, 'has_https': 1, 'num_dots': 2, 'num_hyphens': 0}"
https://www.kym-sys.co.jp/product/sakurepo.html,0,18,2,"{'URL_length': 47, 'num_digits': 0, 'num_special_chars': 10, 'has_http': 0, 'has_https': 1, 'num_dots': 4, 'num_hyphens': 1}"
https://www.franche-comte.cci.fr/,0,18,2,"{'URL_length': 33, 'num_digits': 0, 'num_special_chars': 8, 'has_http': 0, 'has_https': 1, 'num_dots': 3, 'num_hyphens': 1}"
https://www.nasva.go.jp/sasaeru/shikyukingaku.html,0,18,2,"{'URL_length': 50, 'num_digits': 0, 'num_special_chars': 9, 'has_http': 0, 'has_https': 1, 'num_dots': 4, 'num_hyphens': 0}"
https://www.oneworldbank.com/personal-checking/,0,18,2,"{'URL_length': 47, 'num_digits': 0, 'num_special_chars': 8, 'has_http': 0, 'has_https': 1, 'num_dots': 2, 'num_hyphens': 1}"
https://revoke-unauthentic-payee.com/lloyds/Login.php,1,18,2,"{'URL_length': 53, 'num_digits': 0, 'num_special_chars': 9, 'has_http': 0, 'has_https': 1, 'num_dots': 2, 'num_hyphens': 2}"
https://www.sigmasoft.ca/,0,18,2,"{'URL_length': 25, 'num_digits': 0, 'num_special_chars': 6, 'has_http': 0, 'has_https': 1, 'num_dots': 2, 'num_hyphens': 0}"
https://www.mswconsulting.co.za/,0,18,2,"{'URL_length': 32, 'num_digits': 0, 'num_special_chars': 7, 'has_http': 0, 'has_https': 1, 'num_dots': 3, 'num_hyphens': 0}"
https://www.iksoris.pl/nasze-realizacje.html,0,18,2,"{'URL_length': 44, 'num_digits': 0, 'num_special_chars': 8, 'has_http': 0, 'has_https': 1, 'num_dots': 3, 'num_hyphens': 1}"
https://www.cornerpocketsportsbar.com/wp-json/,0,18,2,"{'URL_length': 46, 'num_digits': 0, 'num_special_chars': 8, 'has_http': 0, 'has_https': 1, 'num_dots': 2, 'num_hyphens': 1}"
https://www.computron.nl/portaal-webinars/,0,18,2,"{'URL_length': 42, 'num_digits': 0, 'num_special_chars': 8, 'has_http': 0, 'has_https': 1, 'num_dots': 2, 'num_hyphens': 1}"
https://www.fusiondig.com/digital-signage/,0,18,2,"{'URL_length': 42, 'num_digits': 0, 'num_special_chars': 8, 'has_http': 0, 'has_https': 1, 'num_dots': 2, 'num_hyphens': 1}"
https://www.vipnet.ci/AccesInternet.php,0,18,2,"{'URL_length': 39, 'num_digits': 0, 'num_special_chars': 7, 'has_http': 0, 'has_https': 1, 'num_dots': 3, 'num_hyphens': 0}"
https://www.nasdo.de/beratung-planung/,0,18,2,"{'URL_length': 38, 'num_digits': 0, 'num_special_chars': 8, 'has_http': 0, 'has_https': 1, 'num_dots': 2, 'num_hyphens': 1}"
https://www.ksknet.co.jp/shop/,0,18,2,"{'URL_length': 30, 'num_digits': 0, 'num_special_chars': 8, 'has_http': 0, 'has_https': 1, 'num_dots': 3, 'num_hyphens': 0}"
https://www.siera.fr/dirigeant/,0,18,2,"{'URL_length': 31, 'num_digits': 0, 'num_special_chars': 7, 'has_http': 0, 'has_https': 1, 'num_dots': 2, 'num_hyphens': 0}"
https://www.knoppbio.com/patients/epileptic-encephalopathy/kv7/,0,18,2,"{'URL_length': 63, 'num_digits': 1, 'num_special_chars': 10, 'has_http': 0, 'has_https': 1, 'num_dots': 2, 'num_hyphens': 1}"
https://www.stereo-link.com/縺翫☆縺吶ａ縺ｮ豬ｷ螟貿x讌ｭ閠・,0,18,2,"{'URL_length': 45, 'num_digits': 0, 'num_special_chars': 9, 'has_http': 0, 'has_https': 1, 'num_dots': 2, 'num_hyphens': 1}"
https://www.expressdisposalinc.com/contact-us/,0,18,2,"{'URL_length': 46, 'num_digits': 0, 'num_special_chars': 8, 'has_http': 0, 'has_https': 1, 'num_dots': 2, 'num_hyphens': 1}"
https://www.inspirewifi.com/COVID-19.php,0,18,2,"{'URL_length': 40, 'num_digits': 2, 'num_special_chars': 8, 'has_http': 0, 'has_https': 1, 'num_dots': 3, 'num_hyphens': 1}"
https://www.safi-valves.com/products/domaines,0,18,2,"{'URL_length': 45, 'num_digits': 0, 'num_special_chars': 8, 'has_http': 0, 'has_https': 1, 'num_dots': 2, 'num_hyphens': 1}"
https://www.export-tele.com/,0,18,2,"{'URL_length': 28, 'num_digits': 0, 'num_special_chars': 7, 'has_http': 0, 'has_https': 1, 'num_dots': 2, 'num_hyphens': 1}"
https://www.duocounty.com/digital-tv,0,18,2,"{'URL_length': 36, 'num_digits': 0, 'num_special_chars': 7, 'has_http': 0, 'has_https': 1, 'num_dots': 2, 'num_hyphens': 1}"
https://www.northwestoncology.com/employment-opportunity,0,18,2,"{'URL_length': 56, 'num_digits': 0, 'num_special_chars': 7, 'has_http': 0, 'has_https': 1, 'num_dots': 2, 'num_hyphens': 1}"
https://s3.eu-central-1.amazonaws.com/quickbelux/media/logos/magic-icon.svg,0,18,2,"{'URL_length': 75, 'num_digits': 2, 'num_special_chars': 14, 'has_http': 0, 'has_https': 1, 'num_dots': 4, 'num_hyphens': 3}"
https://www.img.com/network/,0,18,2,"{'URL_length': 28, 'num_digits': 0, 'num_special_chars': 7, 'has_http': 0, 'has_https': 1, 'num_dots': 2, 'num_hyphens': 0}"
https://www.zajezdy.cz/akce/,0,18,2,"{'URL_length': 28, 'num_digits': 0, 'num_special_chars': 7, 'has_http': 0, 'has_https': 1, 'num_dots': 2, 'num_hyphens': 0}"
https://www.zeta.lt/,0,18,2,"{'URL_length': 20, 'num_digits': 0, 'num_special_chars': 6, 'has_http': 0, 'has_https': 1, 'num_dots': 2, 'num_hyphens': 0}"
https://updaete.ozomdaon.top/,1,18,2,"{'URL_length': 29, 'num_digits': 0, 'num_special_chars': 6, 'has_http': 0, 'has_https': 1, 'num_dots': 2, 'num_hyphens': 0}"
http://www.granadaproperties.com/featured/lenteji_almunecar_house.html,0,18,2,"{'URL_length': 70, 'num_digits': 0, 'num_special_chars': 10, 'has_http': 1, 'has_https': 0, 'num_dots': 3, 'num_hyphens': 0}"
https://www.twstackle.com/pages/find.html,0,18,2,"{'URL_length': 41, 'num_digits': 0, 'num_special_chars': 8, 'has_http': 0, 'has_https': 1, 'num_dots': 3, 'num_hyphens': 0}"
https://bit.ly/3btnJV3,1,18,2,"{'URL_length': 22, 'num_digits': 2, 'num_special_chars': 5, 'has_http': 0, 'has_https': 1, 'num_dots': 1, 'num_hyphens': 0}"
https://www.anoto.com/investors/financials/,0,18,2,"{'URL_length': 43, 'num_digits': 0, 'num_special_chars': 8, 'has_http': 0, 'has_https': 1, 'num_dots': 2, 'num_hyphens': 0}"
https://www.brasseyecenter.com/treatment/macular-degeneration,0,18,2,"{'URL_length': 61, 'num_digits': 0, 'num_special_chars': 8, 'has_http': 0, 'has_https': 1, 'num_dots': 2, 'num_hyphens': 1}"
https://www.adncomm.com/projets/saint-mathieu-du-parc-refonte-du-site-web-et-design-de-la-carte-municipale/,0,18,2,"{'URL_length': 107, 'num_digits': 0, 'num_special_chars': 21, 'has_http': 0, 'has_https': 1, 'num_dots': 2, 'num_hyphens': 13}"
https://www.smag-group.com/,0,18,2,"{'URL_length': 27, 'num_digits': 0, 'num_special_chars': 7, 'has_http': 0, 'has_https': 1, 'num_dots': 2, 'num_hyphens': 1}"
https://www.glows.com/portfolio/economic-impact-commercial-casino-industry,0,18,2,"{'URL_length': 74, 'num_digits': 0, 'num_special_chars': 11, 'has_http': 0, 'has_https': 1, 'num_dots': 2, 'num_hyphens': 4}"
https://www.r1group.it/,0,18,2,"{'URL_length': 23, 'num_digits': 1, 'num_special_chars': 6, 'has_http': 0, 'has_https': 1, 'num_dots': 2, 'num_hyphens': 0}"
https://www.societyawards.com/,0,18,2,"{'URL_length': 30, 'num_digits': 0, 'num_special_chars': 6, 'has_http': 0, 'has_https': 1, 'num_dots': 2, 'num_hyphens': 0}"
https://www.dobbinsco.com/,0,18,2,"{'URL_length': 26, 'num_digits': 0, 'num_special_chars': 6, 'has_http': 0, 'has_https': 1, 'num_dots': 2, 'num_hyphens': 0}"
https://www.fda.gov.ph/republic-act/,0,18,2,"{'URL_length': 36, 'num_digits': 0, 'num_special_chars': 9, 'has_http': 0, 'has_https': 1, 'num_dots': 3, 'num_hyphens': 1}"
http://extranet.gifam.fr/login,0,18,2,"{'URL_length': 30, 'num_digits': 0, 'num_special_chars': 6, 'has_http': 1, 'has_https': 0, 'num_dots': 2, 'num_hyphens': 0}"
https://www.cr-srl.it/galleria/,0,18,2,"{'URL_length': 31, 'num_digits': 0, 'num_special_chars': 8, 'has_http': 0, 'has_https': 1, 'num_dots': 2, 'num_hyphens': 1}"
https://www.bakerydefrance.com/,0,18,2,"{'URL_length': 31, 'num_digits': 0, 'num_special_chars': 6, 'has_http': 0, 'has_https': 1, 'num_dots': 2, 'num_hyphens': 0}"
https://www.phonex.com.mx/multicanalidad,0,18,2,"{'URL_length': 40, 'num_digits': 0, 'num_special_chars': 7, 'has_http': 0, 'has_https': 1, 'num_dots': 3, 'num_hyphens': 0}"
https://www.klimmer-gmbh.de/wp-content/themes/klimmer2019/fonts/KlimmerGothicStd-BoldXt.woff,0,18,2,"{'URL_length': 92, 'num_digits': 4, 'num_special_chars': 14, 'has_http': 0, 'has_https': 1, 'num_dots': 3, 'num_hyphens': 3}"
https://www.regalbanknj.com/eBanking/Mobi-Money,0,18,2,"{'URL_length': 47, 'num_digits': 0, 'num_special_chars': 8, 'has_http': 0, 'has_https': 1, 'num_dots': 2, 'num_hyphens': 1}"
https://www.misterweb.it/e-bike/3231-fat-e-bike-madmax-gialla-8052870480675.html,0,18,2,"{'URL_length': 80, 'num_digits': 17, 'num_special_chars': 15, 'has_http': 0, 'has_https': 1, 'num_dots': 3, 'num_hyphens': 7}"
https://www.lenderfi.com/feed/,0,18,2,"{'URL_length': 30, 'num_digits': 0, 'num_special_chars': 7, 'has_http': 0, 'has_https': 1, 'num_dots': 2, 'num_hyphens': 0}"
https://www.fast-air.net/locallinks.php,0,18,2,"{'URL_length': 39, 'num_digits': 0, 'num_special_chars': 8, 'has_http': 0, 'has_https': 1, 'num_dots': 3, 'num_hyphens': 1}"
https://hosting.next-provider.net/webmail/,0,18,2,"{'URL_length': 42, 'num_digits': 0, 'num_special_chars': 8, 'has_http': 0, 'has_https': 1, 'num_dots': 2, 'num_hyphens': 1}"
https://www.poco.de/prospekte/werbung,0,18,2,"{'URL_length': 37, 'num_digits': 0, 'num_special_chars': 7, 'has_http': 0, 'has_https': 1, 'num_dots': 2, 'num_hyphens': 0}"
https://op-prison.fr/login.html,1,18,2,"{'URL_length': 31, 'num_digits': 0, 'num_special_chars': 7, 'has_http': 0, 'has_https': 1, 'num_dots': 2, 'num_hyphens': 1}"
https://www.enudge.com.au/index.php,0,18,2,"{'URL_length': 35, 'num_digits': 0, 'num_special_chars': 8, 'has_http': 0, 'has_https': 1, 'num_dots': 4, 'num_hyphens': 0}"
https://www.arjohuntleigh.com/,0,18,2,"{'URL_length': 30, 'num_digits': 0, 'num_special_chars': 6, 'has_http': 0, 'has_https': 1, 'num_dots': 2, 'num_hyphens': 0}"
https://www.victor.k12.mt.us/parents/supply-lists,0,18,2,"{'URL_length': 49, 'num_digits': 2, 'num_special_chars': 10, 'has_http': 0, 'has_https': 1, 'num_dots': 4, 'num_hyphens': 1}"
https://ishanitech.biz/ishan_netsol/product_offerings.html,0,18,2,"{'URL_length': 58, 'num_digits': 0, 'num_special_chars': 9, 'has_http': 0, 'has_https': 1, 'num_dots': 2, 'num_hyphens': 0}"
https://www.pinnaclepolymers.com/,0,18,2,"{'URL_length': 33, 'num_digits': 0, 'num_special_chars': 6, 'has_http': 0, 'has_https': 1, 'num_dots': 2, 'num_hyphens': 0}"
https://www.jbradshaw.com/contact.htm,0,18,2,"{'URL_length': 37, 'num_digits': 0, 'num_special_chars': 7, 'has_http': 0, 'has_https': 1, 'num_dots': 3, 'num_hyphens': 0}"
https://www.swvhhc.com/services/,0,18,2,"{'URL_length': 32, 'num_digits': 0, 'num_special_chars': 7, 'has_http': 0, 'has_https': 1, 'num_dots': 2, 'num_hyphens': 0}"
http://grupwasange-bokep18.duckdns.org/,1,18,2,"{'URL_length': 39, 'num_digits': 2, 'num_special_chars': 7, 'has_http': 1, 'has_https': 0, 'num_dots': 2, 'num_hyphens': 1}"
https://www.asapnv.com/comments/feed/,0,18,2,"{'URL_length': 37, 'num_digits': 0, 'num_special_chars': 8, 'has_http': 0, 'has_https': 1, 'num_dots': 2, 'num_hyphens': 0}"
https://www.schoepf-fertigungstechnik.at/impressum,0,18,2,"{'URL_length': 50, 'num_digits': 0, 'num_special_chars': 7, 'has_http': 0, 'has_https': 1, 'num_dots': 2, 'num_hyphens': 1}"
https://www.bellini.it/design/index.html,0,18,2,"{'URL_length': 40, 'num_digits': 0, 'num_special_chars': 8, 'has_http': 0, 'has_https': 1, 'num_dots': 3, 'num_hyphens': 0}"
https://www.sfch.org/new-page-1,0,18,2,"{'URL_length': 31, 'num_digits': 1, 'num_special_chars': 8, 'has_http': 0, 'has_https': 1, 'num_dots': 2, 'num_hyphens': 2}"
https://www.imidatasearch.com/verification-services--search-options.html,0,18,2,"{'URL_length': 72, 'num_digits': 0, 'num_special_chars': 11, 'has_http': 0, 'has_https': 1, 'num_dots': 3, 'num_hyphens': 4}"
https://www.uniwisp.co.za/wp-includes/wlwmanifest.xml,0,18,2,"{'URL_length': 53, 'num_digits': 0, 'num_special_chars': 10, 'has_http': 0, 'has_https': 1, 'num_dots': 4, 'num_hyphens': 1}"
https://www.volkswind.de/,0,18,2,"{'URL_length': 25, 'num_digits': 0, 'num_special_chars': 6, 'has_http': 0, 'has_https': 1, 'num_dots': 2, 'num_hyphens': 0}"
http://saisevak.in/bd9e928c0f0fba89b5c8254bef1f9937/,1,18,2,"{'URL_length': 52, 'num_digits': 18, 'num_special_chars': 6, 'has_http': 1, 'has_https': 0, 'num_dots': 1, 'num_hyphens': 0}"
https://www.marist.edu/,0,18,2,"{'URL_length': 23, 'num_digits': 0, 'num_special_chars': 6, 'has_http': 0, 'has_https': 1, 'num_dots': 2, 'num_hyphens': 0}"
https://www.dr-walter.com/,0,18,2,"{'URL_length': 26, 'num_digits': 0, 'num_special_chars': 7, 'has_http': 0, 'has_https': 1, 'num_dots': 2, 'num_hyphens': 1}"
https://www.mapping-your-future.org/Money/,0,18,2,"{'URL_length': 42, 'num_digits': 0, 'num_special_chars': 9, 'has_http': 0, 'has_https': 1, 'num_dots': 2, 'num_hyphens': 2}"
https://www.tramitaciones.com/assets/tci_video.webm,0,18,2,"{'URL_length': 51, 'num_digits': 0, 'num_special_chars': 9, 'has_http': 0, 'has_https': 1, 'num_dots': 3, 'num_hyphens': 0}"
https://www.thundernews.com/dmca.php,0,18,2,"{'URL_length': 36, 'num_digits': 0, 'num_special_chars': 7, 'has_http': 0, 'has_https': 1, 'num_dots': 3, 'num_hyphens': 0}"
https://www.amanatool.com/,0,18,2,"{'URL_length': 26, 'num_digits': 0, 'num_special_chars': 6, 'has_http': 0, 'has_https': 1, 'num_dots': 2, 'num_hyphens': 0}"
https://www.onesource-tech.com/feed/,0,18,2,"{'URL_length': 36, 'num_digits': 0, 'num_special_chars': 8, 'has_http': 0, 'has_https': 1, 'num_dots': 2, 'num_hyphens': 1}"
https://olx.pl-order.com-openpay.site,1,18,2,"{'URL_length': 37, 'num_digits': 0, 'num_special_chars': 8, 'has_http': 0, 'has_https': 1, 'num_dots': 3, 'num_hyphens': 2}"
https://www.tiss.edu/field-action/overview/,0,18,2,"{'URL_length': 43, 'num_digits': 0, 'num_special_chars': 9, 'has_http': 0, 'has_https': 1, 'num_dots': 2, 'num_hyphens': 1}"
https://www.gelaw.com/news-events/events,0,18,2,"{'URL_length': 40, 'num_digits': 0, 'num_special_chars': 8, 'has_http': 0, 'has_https': 1, 'num_dots': 2, 'num_hyphens': 1}"
https://www.mmcesl.co.uk/vacancies.php,0,18,2,"{'URL_length': 38, 'num_digits': 0, 'num_special_chars': 8, 'has_http': 0, 'has_https': 1, 'num_dots': 4, 'num_hyphens': 0}"
https://docs.google.com/forms/d/e/1FAIpQLSel_Ki8GcgzAJTEDdL27pbkpo6w90dE6Hj6epZSUrPhSVekPg/viewform?embedded=true,1,18,2,"{'URL_length': 113, 'num_digits': 9, 'num_special_chars': 13, 'has_http': 0, 'has_https': 1, 'num_dots': 2, 'num_hyphens': 0}"
https://www.videris.cz/,0,18,2,"{'URL_length': 23, 'num_digits': 0, 'num_special_chars': 6, 'has_http': 0, 'has_https': 1, 'num_dots': 2, 'num_hyphens': 0}"
https://www.portsb.com/,0,18,2,"{'URL_length': 23, 'num_digits': 0, 'num_special_chars': 6, 'has_http': 0, 'has_https': 1, 'num_dots': 2, 'num_hyphens': 0}"
https://www.dhw.co.jp/contact/,0,18,2,"{'URL_length': 30, 'num_digits': 0, 'num_special_chars': 8, 'has_http': 0, 'has_https': 1, 'num_dots': 3, 'num_hyphens': 0}"
https://www.cargarantie.com/hr/,0,18,2,"{'URL_length': 31, 'num_digits': 0, 'num_special_chars': 7, 'has_http': 0, 'has_https': 1, 'num_dots': 2, 'num_hyphens': 0}"
https://support-confirm-newdevice.com/Login.php,1,18,2,"{'URL_length': 47, 'num_digits': 0, 'num_special_chars': 8, 'has_http': 0, 'has_https': 1, 'num_dots': 2, 'num_hyphens': 2}"
https://www.fortressmedical.com/professional-services/,0,18,2,"{'URL_length': 54, 'num_digits': 0, 'num_special_chars': 8, 'has_http': 0, 'has_https': 1, 'num_dots': 2, 'num_hyphens': 1}"
https://www.nitrointernet.com.tr/modem-kurulumu,0,18,2,"{'URL_length': 47, 'num_digits': 0, 'num_special_chars': 8, 'has_http': 0, 'has_https': 1, 'num_dots': 3, 'num_hyphens': 1}"
https://www.michaelmasterson.net/7years_to_7figures.html,0,18,2,"{'URL_length': 56, 'num_digits': 2, 'num_special_chars': 9, 'has_http': 0, 'has_https': 1, 'num_dots': 3, 'num_hyphens': 0}"
https://www.marnecs.com/publicaties/,0,18,2,"{'URL_length': 36, 'num_digits': 0, 'num_special_chars': 7, 'has_http': 0, 'has_https': 1, 'num_dots': 2, 'num_hyphens': 0}"
https://www.pksinvest.com/,0,18,2,"{'URL_length': 26, 'num_digits': 0, 'num_special_chars': 6, 'has_http': 0, 'has_https': 1, 'num_dots': 2, 'num_hyphens': 0}"
https://stmeander.nl/author/admin/,0,18,2,"{'URL_length': 34, 'num_digits': 0, 'num_special_chars': 7, 'has_http': 0, 'has_https': 1, 'num_dots': 1, 'num_hyphens': 0}"
https://www.westmotor.com/service-center-locator,0,18,2,"{'URL_length': 48, 'num_digits': 0, 'num_special_chars': 8, 'has_http': 0, 'has_https': 1, 'num_dots': 2, 'num_hyphens': 2}"
https://www.tricommercial.com/property-management/,0,18,2,"{'URL_length': 50, 'num_digits': 0, 'num_special_chars': 8, 'has_http': 0, 'has_https': 1, 'num_dots': 2, 'num_hyphens': 1}"
https://www.harvardbioscience.com/about-us/careers/,0,18,2,"{'URL_length': 51, 'num_digits': 0, 'num_special_chars': 9, 'has_http': 0, 'has_https': 1, 'num_dots': 2, 'num_hyphens': 1}"
https://www.multimex.cz/kontakt,0,18,2,"{'URL_length': 31, 'num_digits': 0, 'num_special_chars': 6, 'has_http': 0, 'has_https': 1, 'num_dots': 2, 'num_hyphens': 0}"
https://www.thompsonreilley.com/,0,18,2,"{'URL_length': 32, 'num_digits': 0, 'num_special_chars': 6, 'has_http': 0, 'has_https': 1, 'num_dots': 2, 'num_hyphens': 0}"
https://www.etproduce.com/index.html,0,18,2,"{'URL_length': 36, 'num_digits': 0, 'num_special_chars': 7, 'has_http': 0, 'has_https': 1, 'num_dots': 3, 'num_hyphens': 0}"
https://www.ifpenergiesnouvelles.fr/recherche-fondamentale,0,18,2,"{'URL_length': 58, 'num_digits': 0, 'num_special_chars': 7, 'has_http': 0, 'has_https': 1, 'num_dots': 2, 'num_hyphens': 1}"
https://andromeda.ab.ca/HeeremaProfile.pdf,0,18,2,"{'URL_length': 42, 'num_digits': 0, 'num_special_chars': 7, 'has_http': 0, 'has_https': 1, 'num_dots': 3, 'num_hyphens': 0}"
https://www.elagroup.com/index.php/feed/,0,18,2,"{'URL_length': 40, 'num_digits': 0, 'num_special_chars': 9, 'has_http': 0, 'has_https': 1, 'num_dots': 3, 'num_hyphens': 0}"
https://www.aroa.ch/dienstleistungen,0,18,2,"{'URL_length': 36, 'num_digits': 0, 'num_special_chars': 6, 'has_http': 0, 'has_https': 1, 'num_dots': 2, 'num_hyphens': 0}"
https://www.grupoamarey.com/comments/feed/,0,18,2,"{'URL_length': 42, 'num_digits': 0, 'num_special_chars': 8, 'has_http': 0, 'has_https': 1, 'num_dots': 2, 'num_hyphens': 0}"
https://www.digitalnetwork.eu/download/,0,18,2,"{'URL_length': 39, 'num_digits': 0, 'num_special_chars': 7, 'has_http': 0, 'has_https': 1, 'num_dots': 2, 'num_hyphens': 0}"
https://www.provectis.cl/wp-includes/wlwmanifest.xml,0,18,2,"{'URL_length': 52, 'num_digits': 0, 'num_special_chars': 9, 'has_http': 0, 'has_https': 1, 'num_dots': 3, 'num_hyphens': 1}"
https://www.sakerhetspolisen.se/om-sakerhetspolisen/organisation/regionala-kontor.html,0,18,2,"{'URL_length': 86, 'num_digits': 0, 'num_special_chars': 11, 'has_http': 0, 'has_https': 1, 'num_dots': 3, 'num_hyphens': 2}"
https://www.metro-urology.com/,0,18,2,"{'URL_length': 30, 'num_digits': 0, 'num_special_chars': 7, 'has_http': 0, 'has_https': 1, 'num_dots': 2, 'num_hyphens': 1}"
https://www.rto.de/age-de.xml,0,18,2,"{'URL_length': 29, 'num_digits': 0, 'num_special_chars': 8, 'has_http': 0, 'has_https': 1, 'num_dots': 3, 'num_hyphens': 1}"
http://tehreekekashmir.uk/millondolardemos/188.166.98.24995720/agregar/telefono/contacto/telefono2.html,1,18,2,"{'URL_length': 103, 'num_digits': 17, 'num_special_chars': 14, 'has_http': 1, 'has_https': 0, 'num_dots': 5, 'num_hyphens': 0}"
https://www.lenthe.nl/page/bestuur,0,18,2,"{'URL_length': 34, 'num_digits': 0, 'num_special_chars': 7, 'has_http': 0, 'has_https': 1, 'num_dots': 2, 'num_hyphens': 0}"
https://www.napcosecurity.com/starlink/,0,18,2,"{'URL_length': 39, 'num_digits': 0, 'num_special_chars': 7, 'has_http': 0, 'has_https': 1, 'num_dots': 2, 'num_hyphens': 0}"
https://www.stanleysecuritysolutions.com/shooterdetection,0,18,2,"{'URL_length': 57, 'num_digits': 0, 'num_special_chars': 6, 'has_http': 0, 'has_https': 1, 'num_dots': 2, 'num_hyphens': 0}"
https://forms.gle/WQycSYY8JhUHVAex7,1,18,2,"{'URL_length': 35, 'num_digits': 2, 'num_special_chars': 5, 'has_http': 0, 'has_https': 1, 'num_dots': 1, 'num_hyphens': 0}"
https://www.spacex.com/launches/,0,18,2,"{'URL_length': 32, 'num_digits': 0, 'num_special_chars': 7, 'has_http': 0, 'has_https': 1, 'num_dots': 2, 'num_hyphens': 0}"
https://www.hertzgroup.com/history/,0,18,2,"{'URL_length': 35, 'num_digits': 0, 'num_special_chars': 7, 'has_http': 0, 'has_https': 1, 'num_dots': 2, 'num_hyphens': 0}"
https://www.hucke-media.de/ihre-professionelle-firmenwebsite.html,0,18,2,"{'URL_length': 65, 'num_digits': 0, 'num_special_chars': 10, 'has_http': 0, 'has_https': 1, 'num_dots': 3, 'num_hyphens': 3}"
https://www.2mm2telecom.com.br/servicos/banda-larga,0,18,2,"{'URL_length': 51, 'num_digits': 2, 'num_special_chars': 9, 'has_http': 0, 'has_https': 1, 'num_dots': 3, 'num_hyphens': 1}"
https://www.somei.fr/solutions/wat-pro-gestion-des-travaux/,0,18,2,"{'URL_length': 59, 'num_digits': 0, 'num_special_chars': 12, 'has_http': 0, 'has_https': 1, 'num_dots': 2, 'num_hyphens': 4}"
https://www.teavana.com/youthberry/,0,18,2,"{'URL_length': 35, 'num_digits': 0, 'num_special_chars': 7, 'has_http': 0, 'has_https': 1, 'num_dots': 2, 'num_hyphens': 0}"
https://www.safenz.net.nz/about.html,0,18,2,"{'URL_length': 36, 'num_digits': 0, 'num_special_chars': 8, 'has_http': 0, 'has_https': 1, 'num_dots': 4, 'num_hyphens': 0}"
https://www.apmmusic.com/credits,0,18,2,"{'URL_length': 32, 'num_digits': 0, 'num_special_chars': 6, 'has_http': 0, 'has_https': 1, 'num_dots': 2, 'num_hyphens': 0}"
https://www.x2com.be/contact/,0,18,2,"{'URL_length': 29, 'num_digits': 1, 'num_special_chars': 7, 'has_http': 0, 'has_https': 1, 'num_dots': 2, 'num_hyphens': 0}"
https://www.heybabbl.ca/babbl-cities/,0,18,2,"{'URL_length': 37, 'num_digits': 0, 'num_special_chars': 8, 'has_http': 0, 'has_https': 1, 'num_dots': 2, 'num_hyphens': 1}"
https://www.airwayautomation.com/development-process/,0,18,2,"{'URL_length': 53, 'num_digits': 0, 'num_special_chars': 8, 'has_http': 0, 'has_https': 1, 'num_dots': 2, 'num_hyphens': 1}"
https://www.rapidserverhost.com/svg/plans/support-ticket.svg,0,18,2,"{'URL_length': 60, 'num_digits': 0, 'num_special_chars': 10, 'has_http': 0, 'has_https': 1, 'num_dots': 3, 'num_hyphens': 1}"
https://www.topdogtrading.com/top-dog-trading-products-services/,0,18,2,"{'URL_length': 64, 'num_digits': 0, 'num_special_chars': 11, 'has_http': 0, 'has_https': 1, 'num_dots': 2, 'num_hyphens': 4}"
https://www.accurateplanroom.com/efs/fupload.php,0,18,2,"{'URL_length': 48, 'num_digits': 0, 'num_special_chars': 8, 'has_http': 0, 'has_https': 1, 'num_dots': 3, 'num_hyphens': 0}"
https://www.cenodistudio.com/mobile/,1,18,2,"{'URL_length': 36, 'num_digits': 0, 'num_special_chars': 7, 'has_http': 0, 'has_https': 1, 'num_dots': 2, 'num_hyphens': 0}"
https://www.madeinmars.com/img/tawa-logo.webp,0,18,2,"{'URL_length': 45, 'num_digits': 0, 'num_special_chars': 9, 'has_http': 0, 'has_https': 1, 'num_dots': 3, 'num_hyphens': 1}"
http://blog.srsdistribution.com/news/pr-nine-new-locations,0,18,2,"{'URL_length': 58, 'num_digits': 0, 'num_special_chars': 10, 'has_http': 1, 'has_https': 0, 'num_dots': 2, 'num_hyphens': 3}"
https://www.readinessrounds.com/healthcare-associated-infections-solutions,0,18,2,"{'URL_length': 74, 'num_digits': 0, 'num_special_chars': 9, 'has_http': 0, 'has_https': 1, 'num_dots': 2, 'num_hyphens': 3}"
https://www.janexauto.com/contact/,0,18,2,"{'URL_length': 34, 'num_digits': 0, 'num_special_chars': 7, 'has_http': 0, 'has_https': 1, 'num_dots': 2, 'num_hyphens': 0}"
https://www.ewapps.com/,0,18,2,"{'URL_length': 23, 'num_digits': 0, 'num_special_chars': 6, 'has_http': 0, 'has_https': 1, 'num_dots': 2, 'num_hyphens': 0}"
https://www.northwoodfamilyoffice.com/what-is-a-family-office/do-i-need-a-family-office/,0,18,2,"{'URL_length': 88, 'num_digits': 0, 'num_special_chars': 17, 'has_http': 0, 'has_https': 1, 'num_dots': 2, 'num_hyphens': 9}"
https://www.dkamans.com/careers/,0,18,2,"{'URL_length': 32, 'num_digits': 0, 'num_special_chars': 7, 'has_http': 0, 'has_https': 1, 'num_dots': 2, 'num_hyphens': 0}"
https://www.craigejenkins.com/,0,18,2,"{'URL_length': 30, 'num_digits': 0, 'num_special_chars': 6, 'has_http': 0, 'has_https': 1, 'num_dots': 2, 'num_hyphens': 0}"
https://www.progresshouse.org/residential-treatment,0,18,2,"{'URL_length': 51, 'num_digits': 0, 'num_special_chars': 7, 'has_http': 0, 'has_https': 1, 'num_dots': 2, 'num_hyphens': 1}"
https://www.capslock.tech/,0,18,2,"{'URL_length': 26, 'num_digits': 0, 'num_special_chars': 6, 'has_http': 0, 'has_https': 1, 'num_dots': 2, 'num_hyphens': 0}"
https://www.tnmsllc.com/feed/,0,18,2,"{'URL_length': 29, 'num_digits': 0, 'num_special_chars': 7, 'has_http': 0, 'has_https': 1, 'num_dots': 2, 'num_hyphens': 0}"
https://www.h-ab.de/,0,18,2,"{'URL_length': 20, 'num_digits': 0, 'num_special_chars': 7, 'has_http': 0, 'has_https': 1, 'num_dots': 2, 'num_hyphens': 1}"
https://www.emerald-design.co.uk/assets/fonts/Inter-UI-upright.var.woff2,0,18,2,"{'URL_length': 72, 'num_digits': 1, 'num_special_chars': 14, 'has_http': 0, 'has_https': 1, 'num_dots': 5, 'num_hyphens': 3}"
https://www.hausmannwynen.de/oss/,0,18,2,"{'URL_length': 33, 'num_digits': 0, 'num_special_chars': 7, 'has_http': 0, 'has_https': 1, 'num_dots': 2, 'num_hyphens': 0}"
https://www.tifton.net/online_payment_link/index.php,0,18,2,"{'URL_length': 52, 'num_digits': 0, 'num_special_chars': 10, 'has_http': 0, 'has_https': 1, 'num_dots': 3, 'num_hyphens': 0}"
https://www.sgis.co.jp/company/group/,0,18,2,"{'URL_length': 37, 'num_digits': 0, 'num_special_chars': 9, 'has_http': 0, 'has_https': 1, 'num_dots': 3, 'num_hyphens': 0}"
https://www.baya.com/multi-dose-pill-packaging,0,18,2,"{'URL_length': 46, 'num_digits': 0, 'num_special_chars': 9, 'has_http': 0, 'has_https': 1, 'num_dots': 2, 'num_hyphens': 3}"
https://www.bruningbank.com/about/financial-strength,0,18,2,"{'URL_length': 52, 'num_digits': 0, 'num_special_chars': 8, 'has_http': 0, 'has_https': 1, 'num_dots': 2, 'num_hyphens': 1}"
https://www.isrindustries.in/about/,0,18,2,"{'URL_length': 35, 'num_digits': 0, 'num_special_chars': 7, 'has_http': 0, 'has_https': 1, 'num_dots': 2, 'num_hyphens': 0}"
https://www.productionplusplumbing.com/,0,18,2,"{'URL_length': 39, 'num_digits': 0, 'num_special_chars': 6, 'has_http': 0, 'has_https': 1, 'num_dots': 2, 'num_hyphens': 0}"
https://www.hispanicfamilyservicesny.org/,0,18,2,"{'URL_length': 41, 'num_digits': 0, 'num_special_chars': 6, 'has_http': 0, 'has_https': 1, 'num_dots': 2, 'num_hyphens': 0}"
https://www.arcplace.ch/assets/img/Logo-Arcplace.svg,0,18,2,"{'URL_length': 52, 'num_digits': 0, 'num_special_chars': 10, 'has_http': 0, 'has_https': 1, 'num_dots': 3, 'num_hyphens': 1}"
https://www.americanflood.com/services/flood/,0,18,2,"{'URL_length': 45, 'num_digits': 0, 'num_special_chars': 8, 'has_http': 0, 'has_https': 1, 'num_dots': 2, 'num_hyphens': 0}"
https://www.horizon-nig.com/video_conferencing.php,0,18,2,"{'URL_length': 50, 'num_digits': 0, 'num_special_chars': 9, 'has_http': 0, 'has_https': 1, 'num_dots': 3, 'num_hyphens': 1}"
https://www.vestjylland.dk/,0,18,2,"{'URL_length': 27, 'num_digits': 0, 'num_special_chars': 6, 'has_http': 0, 'has_https': 1, 'num_dots': 2, 'num_hyphens': 0}"
http://pramitmedicalstore.com/ourtime/site...............,1,18,2,"{'URL_length': 57, 'num_digits': 0, 'num_special_chars': 21, 'has_http': 1, 'has_https': 0, 'num_dots': 16, 'num_hyphens': 0}"
http://aarogyamcafe.com/ldiYBIDRMB.html?HVtEWzRd*TfcVGvBHIInIkOMJIbhUvgFCdgXsEXRDCfGVhBIniNUHYGV,1,18,2,"{'URL_length': 96, 'num_digits': 0, 'num_special_chars': 8, 'has_http': 1, 'has_https': 0, 'num_dots': 2, 'num_hyphens': 0}"
https://www.sivet.com.br/sobre,0,18,2,"{'URL_length': 30, 'num_digits': 0, 'num_special_chars': 7, 'has_http': 0, 'has_https': 1, 'num_dots': 3, 'num_hyphens': 0}"
https://www.lacura.me/about,0,18,2,"{'URL_length': 27, 'num_digits': 0, 'num_special_chars': 6, 'has_http': 0, 'has_https': 1, 'num_dots': 2, 'num_hyphens': 0}"
http://vaughnforestproducts.com/2018/10/25/where-can-you-dispose-of-asbestos/,0,18,2,"{'URL_length': 77, 'num_digits': 8, 'num_special_chars': 14, 'has_http': 1, 'has_https': 0, 'num_dots': 1, 'num_hyphens': 5}"
https://www.monosem.com/Distributors/Overseas,0,18,2,"{'URL_length': 45, 'num_digits': 0, 'num_special_chars': 7, 'has_http': 0, 'has_https': 1, 'num_dots': 2, 'num_hyphens': 0}"
https://www.asahq.org/advocacy/asapac,0,18,2,"{'URL_length': 37, 'num_digits': 0, 'num_special_chars': 7, 'has_http': 0, 'has_https': 1, 'num_dots': 2, 'num_hyphens': 0}"
https://client-espace-service-ml.000webhostapp.com/,1,18,2,"{'URL_length': 51, 'num_digits': 3, 'num_special_chars': 9, 'has_http': 0, 'has_https': 1, 'num_dots': 2, 'num_hyphens': 3}"
https://www.harbingerstrategy.com/why-now-home,0,18,2,"{'URL_length': 46, 'num_digits': 0, 'num_special_chars': 8, 'has_http': 0, 'has_https': 1, 'num_dots': 2, 'num_hyphens': 2}"
https://www.bitco.com/programs/on-shore-oil-gas-extraction,0,18,2,"{'URL_length': 58, 'num_digits': 0, 'num_special_chars': 11, 'has_http': 0, 'has_https': 1, 'num_dots': 2, 'num_hyphens': 4}"
https://www.adientmedical.com/publications/,0,18,2,"{'URL_length': 43, 'num_digits': 0, 'num_special_chars': 7, 'has_http': 0, 'has_https': 1, 'num_dots': 2, 'num_hyphens': 0}"
https://www.amstewart.com/support/complaint-handling,0,18,2,"{'URL_length': 52, 'num_digits': 0, 'num_special_chars': 8, 'has_http': 0, 'has_https': 1, 'num_dots': 2, 'num_hyphens': 1}"
https://www.iret.co.jp/works/,0,18,2,"{'URL_length': 29, 'num_digits': 0, 'num_special_chars': 8, 'has_http': 0, 'has_https': 1, 'num_dots': 3, 'num_hyphens': 0}"
https://www.acousti.com/,0,18,2,"{'URL_length': 24, 'num_digits': 0, 'num_special_chars': 6, 'has_http': 0, 'has_https': 1, 'num_dots': 2, 'num_hyphens': 0}"
https://www.mediaburg.ch/projekte/frauenverein-guettingen/,0,18,2,"{'URL_length': 58, 'num_digits': 0, 'num_special_chars': 9, 'has_http': 0, 'has_https': 1, 'num_dots': 2, 'num_hyphens': 1}"
https://restrainfilthy.org/hubinternational/FBG,1,18,2,"{'URL_length': 47, 'num_digits': 0, 'num_special_chars': 6, 'has_http': 0, 'has_https': 1, 'num_dots': 1, 'num_hyphens': 0}"
https://www.wisenetwork.fi/,0,18,2,"{'URL_length': 27, 'num_digits': 0, 'num_special_chars': 6, 'has_http': 0, 'has_https': 1, 'num_dots': 2, 'num_hyphens': 0}"
https://www.topfloor.ie/terms/security_policy,0,18,2,"{'URL_length': 45, 'num_digits': 0, 'num_special_chars': 8, 'has_http': 0, 'has_https': 1, 'num_dots': 2, 'num_hyphens': 0}"
https://portal.ohioreproductivemedicine.com/donor/,0,18,2,"{'URL_length': 50, 'num_digits': 0, 'num_special_chars': 7, 'has_http': 0, 'has_https': 1, 'num_dots': 2, 'num_hyphens': 0}"
https://www.smu5.ru/dolevka.php,0,18,2,"{'URL_length': 31, 'num_digits': 1, 'num_special_chars': 7, 'has_http': 0, 'has_https': 1, 'num_dots': 3, 'num_hyphens': 0}"
https://www.bisecthosting.com/web.php,0,18,2,"{'URL_length': 37, 'num_digits': 0, 'num_special_chars': 7, 'has_http': 0, 'has_https': 1, 'num_dots': 3, 'num_hyphens': 0}"
https://www.lumark.com/,0,18,2,"{'URL_length': 23, 'num_digits': 0, 'num_special_chars': 6, 'has_http': 0, 'has_https': 1, 'num_dots': 2, 'num_hyphens': 0}"
https://www.mcclellandair.com/air-conditioning-units/,0,18,2,"{'URL_length': 53, 'num_digits': 0, 'num_special_chars': 9, 'has_http': 0, 'has_https': 1, 'num_dots': 2, 'num_hyphens': 2}"
